user_id,name,email,phone,location
1,Adam Davenport,gilberteric@yahoo.com,9991110100,South Christopher
2,Dawn Smith,whitemichael@lawrence.info,9991110101,Jillville
3,David Flowers,william09@gmail.com,9991110102,East Ethan
4,Anthony Miller,emilysmith@yahoo.com,9991110103,Berryhaven
5,Paul Ramos,acastro@phillips-white.com,9991110104,Chambersfort
6,Jessica Parker,iharvey@gmail.com,9991110105,Olsonhaven
7,Jessica Nolan,william68@ramos.net,9991110106,Kimberlyshire
8,Amy Soto,dawnthomas@trevino.com,9991110107,Markville
9,Andrew Cortez,ymullins@mckenzie.com,9991110108,New Ruthfort
10,Carlos Murray,ralphstrong@cole.com,9991110109,Sarahborough
11,Christopher Merritt,denisemorris@downs-torres.org,9991110110,Jacobtown
12,Michelle Wells,vyoung@hotmail.com,9991110111,Ericaborough
13,Christopher Rios,davidbanks@hotmail.com,9991110112,Port Robert
14,Dana Tucker,lauren74@scott.com,9991110113,Woodsstad
15,John Webb,moorerobert@yahoo.com,9991110114,New Anthonyton
16,Mercedes Baker,jimmyharper@dixon.com,9991110115,North Karen
17,Kyle Hall,jackiewheeler@thomas-fowler.com,9991110116,Port Robert
18,Elizabeth Gibson,xfuentes@kelley.com,9991110117,East Andrewborough
19,April Peterson,benjaminlee@gray-phillips.com,9991110118,Armstrongmouth
20,Robert Sullivan,fthompson@hotmail.com,9991110119,South Kimberlyshire
21,Jennifer Daniel,jason05@hotmail.com,9991110120,North Tasha
22,Matthew Walker,gary44@sandoval-trujillo.com,9991110121,Christopherborough
23,Cindy Barnett,deannagarza@gmail.com,9991110122,Nguyenville
24,Judy Chavez,piercebrenda@long.com,9991110123,Sullivanbury
25,Donald Reynolds,rodriguezrebecca@hotmail.com,9991110124,Norrisview
26,Joshua Clarke,lucas55@garcia.com,9991110125,Lake Davidfort
27,John Mueller,vcameron@hotmail.com,9991110126,South Kathleenfort
28,Meghan Santos,bridgesrichard@yahoo.com,9991110127,Stevenberg
29,Daniel Hamilton,kimberlymiranda@gonzalez.com,9991110128,Lake Jerryhaven
30,Kelsey Buckley,mmejia@james.com,9991110129,West Benjamin
31,Michelle Thomas,arnoldamanda@yahoo.com,9991110130,Hammondhaven
32,Nicole Page,lisa05@hotmail.com,9991110131,Shelleyshire
33,Dr. Hailey King,stevenwilliams@hotmail.com,9991110132,Christineton
34,Ryan Anderson,seth07@hotmail.com,9991110133,North Troy
35,Stephanie Mckenzie,rsmith@small-salazar.com,9991110134,Blackfurt
36,Alison Clark,christinebarnes@yahoo.com,9991110135,New Taylor
37,Jane Juarez,nicholsonpedro@yahoo.com,9991110136,East Susanside
38,Lori White,katherine76@yahoo.com,9991110137,West Jennifer
39,Jessica Orr,cwilliams@hughes.com,9991110138,South Mark
40,Stephanie Young,athomas@yahoo.com,9991110139,Donaldtown
41,Jeffrey Dyer,aperry@delgado.org,9991110140,Port Taylortown
42,Calvin Jackson,dcollins@sharp.info,9991110141,Kellytown
43,Anna Richards,barias@gmail.com,9991110142,Ashleybury
44,Richard Sampson,diana45@davidson-harris.com,9991110143,Ericberg
45,Keith Rowe,parkerjennifer@phillips.com,9991110144,Gaystad
46,Cynthia Thomas,natalieaguilar@herring.org,9991110145,Port Shane
47,Michelle Carrillo,andrewmendez@burns.com,9991110146,South Debbie
48,Katherine Hunt,tyler68@hotmail.com,9991110147,New Allisontown
49,Michael Miller,garciajessica@powell-horn.com,9991110148,Hodgehaven
50,Joseph Shah,floresjames@tanner.info,9991110149,South Crystalburgh
